,Latitude,Longitude,City,Temp,Humidity,Wind Speed,Cloudiness,Date
0,52.52,13.41,berlin,57.2,93.0,13.87,75.0,1604076910.0
1,41.51,122.72,liaozhong,41.0,48.0,4.47,0.0,1604076845.0
2,10.15,-85.45,nicoya,84.2,79.0,6.93,40.0,1604077063.0
3,-0.74,-90.35,puerto ayora,78.8,69.0,19.46,40.0,1604076823.0
4,27.98,-114.06,guerrero negro,74.86,37.0,2.28,24.0,1604076828.0
5,28.66,-17.92,los llanos de aridane,73.4,78.0,13.87,40.0,1604076845.0
6,42.25,-2.5,la rioja,66.2,55.0,1.03,0.0,1604076845.0
7,-33.87,121.9,esperance,57.2,71.0,14.99,62.0,1604076839.0
8,67.54,133.38,verkhoyansk,-1.86,90.0,4.16,100.0,1604077064.0
9,54.16,41.12,putyatino,42.82,85.0,5.08,100.0,1604076846.0
10,69.45,-133.04,tuktoyaktuk,4.33,93.0,7.87,63.0,1604076798.0
11,42.1,-79.24,jamestown,37.99,93.0,6.93,90.0,1604076782.0
12,-24.79,-65.41,salta,64.4,39.0,2.24,75.0,1604076804.0
13,20.15,92.9,akyab,80.6,79.0,8.99,91.0,1604077065.0
14,-33.65,115.33,busselton,63.0,53.0,2.66,18.0,1604076787.0
15,57.79,-152.41,kodiak,35.6,69.0,5.82,90.0,1604076601.0
16,69.38,178.42,leningradskiy,17.01,93.0,19.22,53.0,1604076944.0
17,62.46,-114.35,yellowknife,19.0,95.0,3.0,100.0,1604076785.0
18,-21.04,-40.82,marataizes,79.11,82.0,13.8,69.0,1604077065.0
19,5.41,100.34,georgetown,82.4,83.0,2.24,20.0,1604076790.0
20,-29.95,-71.34,coquimbo,55.4,82.0,9.17,90.0,1604076719.0
21,54.17,103.03,ust-uda,27.16,89.0,4.38,99.0,1604076847.0
22,-46.19,168.86,mataura,55.99,97.0,4.0,100.0,1604076779.0
24,-21.2,-175.2,vaini,71.6,78.0,19.98,75.0,1604076789.0
25,70.86,29.09,berlevag,35.6,69.0,17.22,75.0,1604077066.0
26,-10.4,40.33,madimba,77.34,80.0,8.25,50.0,1604076848.0
27,16.64,1.64,gao,91.47,10.0,9.01,10.0,1604077066.0
28,43.44,16.69,omis,62.6,55.0,9.17,0.0,1604077067.0
29,63.79,74.52,muravlenko,30.36,99.0,7.81,100.0,1604077067.0
31,-23.12,-134.97,rikitea,75.36,70.0,6.71,66.0,1604076788.0
32,77.48,-69.36,qaanaaq,15.35,82.0,5.35,99.0,1604076799.0
33,42.6,-73.97,albany,35.01,88.0,6.64,100.0,1604076801.0
34,-54.8,-68.3,ushuaia,50.0,71.0,28.86,75.0,1604076733.0
36,-14.9,50.28,antalaha,70.32,83.0,11.56,36.0,1604077067.0
38,-2.92,-39.92,itarema,86.86,54.0,17.69,30.0,1604077068.0
39,22.12,95.13,monywa,75.76,89.0,5.28,89.0,1604077068.0
40,78.22,15.64,longyearbyen,17.6,72.0,2.24,0.0,1604076795.0
43,13.17,44.58,lahij,77.47,72.0,7.61,0.0,1604077068.0
44,62.88,152.43,seymchan,6.8,91.0,0.65,89.0,1604077068.0
45,-53.15,-70.92,punta arenas,53.6,66.0,26.4,75.0,1604076782.0
46,68.75,161.3,cherskiy,4.51,91.0,4.68,100.0,1604076812.0
47,51.26,-80.61,moose factory,27.1,81.0,8.46,0.0,1604076958.0
48,-32.5,137.77,port augusta,57.2,82.0,10.29,90.0,1604077069.0
50,15.17,44.32,sayyan,56.61,37.0,5.77,0.0,1604077061.0
51,-34.67,-54.92,maldonado,59.0,67.0,11.41,0.0,1604077069.0
52,-20.33,-40.29,vila velha,84.2,70.0,17.22,40.0,1604076832.0
54,71.97,102.5,khatanga,-8.7,84.0,6.26,0.0,1604076808.0
56,-34.62,-68.33,san rafael,71.74,21.0,11.74,0.0,1604077038.0
57,32.32,121.19,juegang,61.0,1.0,3.09,0.0,1604077069.0
60,-34.73,135.87,port lincoln,57.36,82.0,13.0,99.0,1604076802.0
65,39.79,37.0,sivas,50.0,39.0,4.7,0.0,1604076851.0
66,35.13,140.3,katsuura,55.4,58.0,17.22,0.0,1604076790.0
67,-7.47,-34.81,pitimbu,86.0,62.0,13.87,40.0,1604077070.0
68,60.92,-46.05,narsaq,32.0,90.0,2.73,75.0,1604076829.0
70,-45.58,-72.07,coihaique,60.8,48.0,2.24,0.0,1604076786.0
71,45.02,-93.22,saint anthony,41.0,59.0,6.93,75.0,1604077070.0
72,70.63,147.92,chokurdakh,4.26,94.0,5.84,100.0,1604076792.0
73,55.74,-97.86,thompson,17.91,87.0,2.95,40.0,1604076830.0
76,69.22,-51.1,ilulissat,17.6,67.0,3.36,75.0,1604076838.0
78,-34.42,19.23,hermanus,59.0,65.0,1.99,0.0,1604076785.0
81,62.23,-6.59,klaksvik,46.4,75.0,19.46,45.0,1604076853.0
82,-28.77,114.6,geraldton,68.0,88.0,6.93,0.0,1604076809.0
83,14.31,121.11,santa rosa,82.4,78.0,10.69,75.0,1604077071.0
84,9.06,-62.05,tucupita,84.69,83.0,5.91,93.0,1604077071.0
87,60.14,-45.24,nanortalik,29.86,92.0,4.59,99.0,1604076806.0
88,-33.02,27.91,east london,59.0,82.0,3.36,20.0,1604076613.0
90,-46.6,168.33,bluff,55.99,97.0,4.0,100.0,1604076801.0
93,63.75,-68.51,iqaluit,3.85,91.0,3.29,75.0,1604076803.0
94,-22.97,-42.03,arraial do cabo,78.8,83.0,8.05,40.0,1604076781.0
95,52.61,1.73,great yarmouth,60.01,99.0,3.0,86.0,1604077072.0
96,3.07,172.79,butaritari,81.66,78.0,17.83,98.0,1604076805.0
97,60.37,93.04,severo-yeniseyskiy,-0.33,94.0,0.81,21.0,1604077073.0
101,-42.78,147.06,new norfolk,44.01,68.0,2.46,3.0,1604076798.0
102,6.12,81.12,hambantota,79.88,81.0,11.21,81.0,1604076889.0
103,8.08,-80.88,la mata,83.64,77.0,12.28,27.0,1604077073.0
105,6.19,-67.49,puerto carreno,91.87,56.0,5.84,95.0,1604077073.0
106,-45.87,170.5,dunedin,63.0,59.0,5.59,100.0,1604077074.0
108,59.7,150.17,arman,30.94,91.0,9.06,100.0,1604077074.0
109,63.05,179.32,beringovskiy,25.47,82.0,7.2,0.0,1604077074.0
111,44.95,26.02,ploiesti,51.01,100.0,6.93,100.0,1604077074.0
112,19.73,-155.09,hilo,73.4,88.0,4.7,75.0,1604076805.0
115,-46.28,169.85,kaitangata,57.99,95.0,1.99,100.0,1604076830.0
116,-35.35,150.47,ulladulla,60.01,100.0,4.7,75.0,1604076831.0
117,-5.2,-35.46,touros,87.8,52.0,14.99,40.0,1604077075.0
118,42.8,93.45,hami,36.68,65.0,4.36,0.0,1604077075.0
119,-19.55,169.27,isangel,74.66,81.0,10.29,87.0,1604076819.0
124,58.81,-122.7,fort nelson,20.14,94.0,10.33,100.0,1604076933.0
125,9.84,-83.87,paraiso,75.2,73.0,2.24,75.0,1604076928.0
126,-10.45,161.92,kirakira,77.49,73.0,0.83,100.0,1604076804.0
128,58.36,82.83,togur,26.06,99.0,3.49,100.0,1604077076.0
129,8.08,77.57,kanniyakumari,80.49,81.0,7.65,33.0,1604077076.0
130,9.49,50.81,bandarbeyla,79.52,82.0,15.66,38.0,1604077076.0
132,68.05,166.44,bilibino,4.78,87.0,1.48,100.0,1604077076.0
133,-42.88,147.33,hobart,44.6,93.0,6.93,9.0,1604076614.0
135,51.15,37.89,novikovo,48.99,96.0,5.55,100.0,1604077076.0
137,-33.93,18.42,cape town,63.0,59.0,26.4,0.0,1604076783.0
139,71.29,-156.79,barrow,19.4,92.0,13.87,20.0,1604076602.0
140,16.28,101.95,kaset sombun,73.4,91.0,4.79,70.0,1604076858.0
142,22.81,-80.08,sagua la grande,86.0,66.0,8.05,40.0,1604077077.0
145,38.5,-77.97,culpeper,57.2,54.0,12.75,40.0,1604077077.0
146,-0.12,-51.29,mazagao,95.0,53.0,12.75,75.0,1604077077.0
147,2.15,21.52,lisala,72.9,96.0,2.37,38.0,1604076859.0
148,-13.54,23.1,zambezi,82.63,31.0,1.99,74.0,1604077078.0
150,-22.67,167.48,vao,73.26,84.0,12.77,24.0,1604076849.0
151,-33.92,25.57,port elizabeth,62.6,55.0,6.93,0.0,1604076793.0
154,-21.36,55.77,saint-philippe,68.0,64.0,11.41,75.0,1604076794.0
155,20.93,-17.03,nouadhibou,75.2,64.0,17.22,0.0,1604076839.0
158,-25.97,32.59,maputo,77.0,78.0,14.99,75.0,1604076923.0
160,32.54,111.51,danjiangkou,59.99,87.0,0.81,99.0,1604077078.0
161,20.47,-100.15,la lira,60.8,63.0,13.87,40.0,1604077079.0
163,22.29,114.16,victoria,75.0,77.0,17.58,58.0,1604076767.0
164,33.12,46.16,mehran,59.0,24.0,2.24,0.0,1604077079.0
169,-22.43,-151.33,moerai,70.47,88.0,21.34,100.0,1604077079.0
170,32.93,132.73,sukumo,50.16,78.0,3.36,6.0,1604077079.0
174,61.87,28.88,savonlinna,44.6,93.0,6.93,90.0,1604077080.0
178,54.28,-0.4,scarborough,53.01,85.0,7.87,100.0,1604077080.0
181,64.5,-165.41,nome,17.6,85.0,3.36,90.0,1604076803.0
183,21.46,-71.14,cockburn town,83.52,79.0,18.41,98.0,1604077080.0
184,72.79,-56.15,upernavik,22.03,97.0,4.18,100.0,1604076804.0
185,-16.48,-151.75,faanui,79.02,80.0,11.95,0.0,1604076885.0
187,65.82,87.98,turukhansk,2.23,90.0,7.74,32.0,1604077080.0
190,-8.75,-67.4,boca do acre,81.54,89.0,5.14,64.0,1604076863.0
192,-38.0,-57.56,mar del plata,59.0,58.0,13.87,0.0,1604076834.0
193,-24.79,-50.01,castro,59.27,84.0,11.23,100.0,1604076650.0
194,53.39,-2.58,warrington,53.01,87.0,8.05,40.0,1604076798.0
202,-25.4,-70.48,taltal,64.76,54.0,7.67,10.0,1604076908.0
204,-22.45,18.97,gobabis,83.84,27.0,6.73,63.0,1604076976.0
206,-20.01,57.66,grand gaube,70.0,52.0,11.99,0.0,1604077081.0
207,49.68,-83.67,hearst,27.64,78.0,5.99,1.0,1604077081.0
208,-8.93,125.41,airai,61.03,95.0,1.16,45.0,1604076891.0
209,-9.8,-139.03,atuona,77.34,73.0,13.11,42.0,1604076792.0
210,50.08,47.1,savinka,49.59,49.0,11.61,99.0,1604077082.0
213,-0.95,100.35,padang,78.84,78.0,3.62,100.0,1604077082.0
214,15.02,74.02,kankon,79.88,71.0,3.33,36.0,1604077082.0
216,35.51,27.21,karpathos,68.0,72.0,2.24,40.0,1604077082.0
219,-2.27,40.9,lamu,78.57,80.0,11.68,93.0,1604076849.0
221,-21.64,-41.05,sao joao da barra,84.2,70.0,9.17,75.0,1604076855.0
222,3.78,72.97,mahibadhoo,82.58,75.0,7.27,86.0,1604076865.0
225,51.18,-114.47,cochrane,50.0,63.0,18.01,73.0,1604077083.0
227,22.89,-109.91,cabo san lucas,81.0,65.0,0.04,20.0,1604076745.0
228,37.1,-113.58,saint george,51.8,29.0,2.98,1.0,1604076790.0
230,-24.87,113.63,carnarvon,73.4,78.0,9.17,90.0,1604076787.0
233,59.7,30.79,nikolskoye,48.0,87.0,4.47,40.0,1604076842.0
235,33.64,42.83,hit,72.07,19.0,7.76,51.0,1604077083.0
237,-37.62,-73.65,lebu,59.56,64.0,14.16,0.0,1604076786.0
239,46.43,26.4,asau,44.01,97.0,1.63,100.0,1604077084.0
240,50.68,156.12,severo-kurilsk,42.78,87.0,28.1,96.0,1604076848.0
242,50.2,-66.38,sept-iles,35.01,54.0,7.0,17.0,1604076815.0
244,-8.9,-35.15,sao jose da coroa grande,82.71,69.0,11.72,72.0,1604077084.0
245,-38.47,177.87,te karaka,59.25,75.0,3.04,98.0,1604076866.0
246,10.57,72.64,kavaratti,82.78,73.0,9.13,50.0,1604076793.0
247,54.43,-124.25,fort saint james,33.82,90.0,9.73,100.0,1604077085.0
248,-15.2,12.15,namibe,73.24,74.0,6.89,17.0,1604076959.0
250,66.42,112.4,udachnyy,-2.2,91.0,1.79,0.0,1604077084.0
253,65.61,-37.64,tasiilaq,32.0,96.0,3.36,75.0,1604076821.0
255,-8.01,-34.86,olinda,86.0,66.0,11.41,75.0,1604076836.0
258,66.15,-65.71,pangnirtung,8.76,84.0,0.2,33.0,1604076848.0
259,6.88,73.1,dhidhdhoo,82.71,74.0,9.82,97.0,1604077085.0
260,45.52,-122.68,portland,52.0,87.0,9.17,90.0,1604077140.0
262,-17.73,-149.15,tautira,78.8,78.0,4.7,75.0,1604077085.0
265,41.37,-73.41,bethel,35.6,93.0,5.82,90.0,1604076795.0
267,22.24,68.97,dwarka,82.87,55.0,9.91,0.0,1604076868.0
269,22.93,97.75,lashio,65.48,99.0,2.04,86.0,1604077086.0
270,59.65,67.41,kondinskoye,31.26,98.0,8.66,57.0,1604077086.0
271,61.37,22.0,nakkila,42.8,100.0,4.7,90.0,1604077086.0
273,53.41,-2.98,liverpool,52.0,87.0,8.05,40.0,1604076824.0
275,69.49,88.4,talnakh,12.2,72.0,20.13,100.0,1604076835.0
278,29.42,-98.49,san antonio,61.0,47.0,9.17,1.0,1604077049.0
280,46.68,113.28,baruun-urt,40.59,65.0,20.24,95.0,1604076917.0
283,-8.47,29.66,kaputa,80.06,50.0,4.07,76.0,1604077087.0
284,30.63,117.85,rongcheng,57.06,74.0,3.74,54.0,1604077087.0
286,8.13,77.3,manavalakurichi,84.2,79.0,2.24,40.0,1604076869.0
291,70.98,25.97,honningsvag,35.6,64.0,12.75,75.0,1604077087.0
294,-34.53,20.04,bredasdorp,62.6,45.0,10.29,0.0,1604076785.0
295,70.47,-68.59,clyde river,17.49,93.0,5.57,95.0,1604076858.0
300,65.28,-126.83,norman wells,9.23,93.0,4.92,97.0,1604076782.0
303,71.92,114.08,saskylakh,-1.61,86.0,6.53,44.0,1604076809.0
304,-23.13,150.73,yeppoon,71.6,88.0,8.05,0.0,1604077088.0
306,5.48,-53.2,iracoubo,86.99,65.0,14.36,97.0,1604077088.0
310,-19.84,34.84,beira,78.8,83.0,12.75,20.0,1604076847.0
311,11.28,-15.83,bubaque,85.68,56.0,6.91,65.0,1604076870.0
312,53.51,142.97,ekhabi,32.68,93.0,5.06,83.0,1604076870.0
313,-14.07,-39.64,ibirataia,87.85,47.0,6.4,74.0,1604077088.0
314,-33.7,-53.46,chuy,61.63,66.0,12.21,59.0,1604076842.0
315,-14.27,50.17,sambava,74.1,74.0,18.32,46.0,1604076885.0
316,12.28,-14.22,gabu,95.0,32.0,2.55,15.0,1604077089.0
317,-31.59,28.78,umtata,53.6,93.0,8.05,90.0,1604077089.0
318,38.78,63.88,sayat,46.4,39.0,2.17,0.0,1604076871.0
320,-17.8,-63.17,santa cruz,84.2,35.0,24.16,75.0,1604076787.0
322,-19.06,-169.92,alofi,71.6,94.0,12.75,52.0,1604076916.0
337,67.5,64.0,vorkuta,35.37,98.0,15.19,100.0,1604077089.0
338,-30.18,-50.21,cidreira,65.84,59.0,10.47,61.0,1604076764.0
339,42.25,-75.83,broome,39.99,93.0,6.93,90.0,1604076860.0
341,63.92,127.47,sangar,-10.89,87.0,1.57,10.0,1604077090.0
347,31.61,34.76,gat,78.01,100.0,10.31,11.0,1604077090.0
350,41.28,-70.1,nantucket,45.0,93.0,27.51,90.0,1604077090.0
351,50.23,-63.6,havre-saint-pierre,33.94,79.0,13.51,15.0,1604076817.0
354,6.3,-10.8,monrovia,86.0,74.0,9.17,75.0,1604076873.0
355,-0.6,73.08,hithadhoo,83.64,73.0,8.88,0.0,1604076839.0
356,69.7,170.31,pevek,23.09,93.0,6.58,82.0,1604076800.0
358,21.31,-157.86,honolulu,71.6,73.0,3.36,20.0,1604076797.0
362,-33.59,26.89,port alfred,60.85,58.0,3.02,84.0,1604076790.0
364,38.52,-28.7,ribeira grande,69.8,88.0,20.8,75.0,1604076781.0
367,-21.21,-159.78,avarua,73.4,78.0,6.93,100.0,1604076783.0
369,4.93,-52.33,cayenne,91.4,59.0,14.99,40.0,1604076934.0
371,-13.7,-76.22,pisco,69.01,72.0,10.29,0.0,1604076815.0
372,38.42,-121.42,laguna,55.4,76.0,3.6,1.0,1604077091.0
375,-0.89,119.87,palu,75.36,76.0,2.8,46.0,1604076831.0
376,60.91,34.17,podporozhye,45.21,88.0,2.86,96.0,1604077092.0
378,60.47,7.07,eidfjord,33.01,88.0,3.71,100.0,1604076874.0
383,64.84,-147.72,fairbanks,12.0,85.0,2.3,90.0,1604076864.0
384,33.36,129.55,hirado,60.01,25.0,1.99,0.0,1604077092.0
388,4.18,19.9,bosobolo,73.89,92.0,2.62,11.0,1604076875.0
389,36.62,-121.92,pacific grove,48.2,100.0,4.79,75.0,1604076843.0
394,-3.2,-59.81,careiro da varzea,84.2,78.0,8.05,75.0,1604077092.0
395,66.32,-179.17,egvekinot,10.99,85.0,8.95,95.0,1604077093.0
398,47.31,31.79,nova odesa,55.4,76.0,6.71,0.0,1604077093.0
400,40.57,9.69,siniscola,64.4,72.0,5.82,0.0,1604077093.0
404,14.16,38.9,adwa,65.17,33.0,1.86,8.0,1604076876.0
405,-13.88,167.55,sola,80.83,77.0,13.94,100.0,1604076809.0
408,48.01,91.64,hovd,30.0,79.0,5.06,73.0,1604076875.0
410,2.67,72.89,kudahuvadhoo,82.94,76.0,9.4,81.0,1604077093.0
417,-3.8,102.27,bengkulu,76.26,88.0,4.94,99.0,1604076803.0
418,-20.34,57.76,bambous virieux,70.0,52.0,14.99,75.0,1604076806.0
419,-8.84,13.23,luanda,82.4,74.0,11.41,40.0,1604076876.0
423,34.64,-120.46,lompoc,51.8,93.0,4.47,20.0,1604077094.0
429,71.0,24.66,havoysund,35.6,64.0,12.75,75.0,1604076812.0
432,55.62,38.12,ilinskiy,41.0,93.0,4.47,75.0,1604077094.0
436,15.74,-96.47,pochutla,86.0,66.0,1.43,40.0,1604077094.0
437,40.8,-72.84,mastic,37.99,93.0,18.34,90.0,1604077094.0
438,26.18,127.76,nishihara,73.4,52.0,4.7,5.0,1604076957.0
443,18.43,-65.88,loiza,86.0,74.0,18.34,40.0,1604076877.0
449,25.21,64.64,ormara,77.14,65.0,11.07,0.0,1604077095.0
451,-33.23,-54.38,treinta y tres,63.68,67.0,8.25,41.0,1604077095.0
452,37.34,-121.89,san jose,64.99,58.0,1.57,75.0,1604076797.0
464,40.28,97.2,yumen,33.15,80.0,11.74,33.0,1604076825.0
466,-20.41,57.7,mahebourg,69.8,52.0,14.99,75.0,1604076801.0
470,50.32,11.92,hof,51.8,93.0,14.99,75.0,1604077095.0
471,-41.87,-73.82,ancud,62.01,63.0,11.41,0.0,1604076648.0
472,3.3,117.63,tarakan,81.16,81.0,5.79,99.0,1604076879.0
473,22.08,-159.32,kapaa,66.2,88.0,8.05,1.0,1604076626.0
475,49.28,120.73,yakeshi,30.65,93.0,6.46,100.0,1604077096.0
476,-9.91,-63.04,ariquemes,92.71,47.0,6.4,99.0,1604077074.0
482,54.59,-5.69,newtownards,50.0,66.0,8.05,93.0,1604077096.0
483,48.68,71.64,atasu,35.33,77.0,4.52,0.0,1604076880.0
486,13.3,2.34,kollo,98.6,15.0,10.29,0.0,1604076880.0
488,30.33,10.85,nalut,65.08,31.0,8.34,0.0,1604077096.0
489,65.7,82.47,krasnoselkup,7.77,92.0,12.19,100.0,1604077097.0
494,58.67,17.1,oxelosund,39.2,100.0,4.7,90.0,1604077097.0
504,21.28,-88.27,panaba,80.2,87.0,12.86,32.0,1604077097.0
509,63.86,-21.15,eyrarbakki,42.8,70.0,13.87,40.0,1604077097.0
511,22.1,76.73,harsud,72.52,44.0,1.03,0.0,1604077097.0
512,17.96,-102.2,lazaro cardenas,86.58,59.0,1.3,85.0,1604076878.0
513,21.64,69.61,porbandar,81.7,52.0,1.97,0.0,1604076826.0
514,61.84,6.81,olden,53.6,93.0,4.7,75.0,1604077097.0
517,-11.21,13.84,sumbe,78.26,79.0,7.36,44.0,1604077098.0
518,66.56,67.8,aksarka,33.93,94.0,11.23,100.0,1604077098.0
519,38.2,44.77,salmas,53.6,46.0,4.7,40.0,1604077098.0
521,-44.7,169.15,wanaka,52.68,83.0,5.55,100.0,1604076943.0
524,28.02,-97.52,san patricio,64.0,55.0,9.17,20.0,1604076825.0
526,22.49,-79.55,remedios,86.0,66.0,8.05,40.0,1604077098.0
533,-21.84,-51.61,santo anastacio,78.8,57.0,18.34,75.0,1604077098.0
539,-32.03,-52.1,rio grande,68.0,66.0,8.01,49.0,1604076826.0
543,38.08,138.43,ryotsu,54.14,63.0,5.68,61.0,1604077099.0
544,38.44,57.43,baherden,58.5,28.0,9.46,0.0,1604077099.0
547,6.04,80.22,galle,79.81,83.0,8.21,58.0,1604076868.0
548,39.36,-9.38,peniche,72.0,74.0,3.0,0.0,1604077099.0
551,1.2,-70.17,mitu,91.51,52.0,2.89,57.0,1604077099.0
553,45.05,136.61,terney,37.22,79.0,6.8,36.0,1604076884.0
554,-25.27,23.28,werda,90.54,17.0,3.31,97.0,1604077099.0
555,64.57,143.2,ust-nera,-3.73,84.0,0.72,90.0,1604077099.0
558,69.41,86.18,dudinka,12.2,72.0,20.13,100.0,1604076819.0
562,55.45,8.4,nordby,55.4,93.0,8.05,98.0,1604077100.0
563,45.92,10.89,arco,55.0,100.0,0.89,91.0,1604077100.0
564,20.93,77.33,daryapur,75.81,46.0,6.04,51.0,1604077100.0
568,37.57,126.98,seoul,42.8,81.0,3.42,1.0,1604077096.0
570,-20.52,57.52,souillac,69.8,52.0,14.99,75.0,1604076868.0
572,3.17,-52.32,camopi,99.05,29.0,6.85,3.0,1604076825.0
574,-2.88,108.27,manggar,79.18,83.0,3.62,85.0,1604077101.0
576,14.53,20.92,biltine,91.17,16.0,7.54,81.0,1604077101.0
580,63.44,-20.27,vestmannaeyjar,42.8,87.0,26.4,75.0,1604076869.0
581,52.66,90.09,abaza,29.57,95.0,8.43,100.0,1604077101.0
583,10.4,-75.51,cartagena,87.8,74.0,2.24,40.0,1604077101.0
587,37.61,-122.49,pacifica,57.0,93.0,3.36,90.0,1604076793.0
588,-26.62,-54.13,san vicente,82.35,35.0,2.39,12.0,1604077101.0
589,-32.72,152.15,nelson bay,64.4,82.0,8.05,39.0,1604076858.0
590,64.38,-173.3,provideniya,24.51,92.0,5.1,96.0,1604076845.0
596,-11.1,-77.61,hualmay,69.39,66.0,9.35,77.0,1604076838.0
597,39.23,106.77,shizuishan,44.15,51.0,13.51,0.0,1604076887.0
598,64.18,-51.72,nuuk,26.6,63.0,8.05,40.0,1604077102.0
600,-1.77,-55.87,oriximina,97.56,40.0,5.19,92.0,1604076862.0
602,63.28,118.33,nyurba,-2.09,92.0,4.21,89.0,1604076865.0
606,28.37,129.48,naze,73.4,60.0,19.46,40.0,1604076844.0
608,45.63,-1.03,royan,64.4,68.0,3.36,0.0,1604076888.0
609,-1.52,-52.58,almeirim,96.64,41.0,7.72,27.0,1604076888.0
610,34.48,41.91,rawah,74.61,18.0,9.28,88.0,1604077103.0
617,-23.78,-45.36,ilhabela,68.74,90.0,9.31,100.0,1604076945.0
619,66.02,12.63,sandnessjoen,39.2,60.0,19.46,0.0,1604077103.0
624,65.58,-171.0,lavrentiya,21.54,87.0,6.96,80.0,1604076912.0
628,37.31,40.74,mardin,66.87,23.0,4.83,87.0,1604077103.0
629,51.43,-114.04,crossfield,50.0,65.0,10.0,95.0,1604077103.0
635,71.69,128.87,tiksi,11.39,96.0,5.86,100.0,1604076796.0
638,-6.9,107.62,bandung,70.48,88.0,1.57,100.0,1604076925.0
639,-46.13,167.68,tuatapere,55.99,97.0,4.0,100.0,1604076813.0
640,20.78,97.03,taunggyi,60.67,100.0,2.1,79.0,1604076890.0
641,-2.57,150.8,kavieng,81.46,77.0,6.46,79.0,1604076844.0
642,45.46,8.01,bose,59.0,79.0,1.01,84.0,1604077104.0
644,8.92,-67.43,calabozo,89.04,65.0,5.08,78.0,1604076981.0
645,-12.12,-77.05,san isidro,66.2,72.0,8.05,75.0,1604077104.0
650,5.21,103.21,marang,80.6,94.0,2.39,40.0,1604077104.0
653,22.57,59.53,sur,74.73,66.0,5.06,0.0,1604076863.0
659,53.94,139.92,mnogovershinnyy,28.67,97.0,3.11,95.0,1604077105.0
662,14.28,77.17,hosakote,74.53,67.0,4.34,68.0,1604077105.0
665,39.45,75.98,kashi,42.8,26.0,8.95,4.0,1604077105.0
668,40.43,71.72,komsomolskiy,44.6,39.0,4.7,0.0,1604077105.0
669,47.67,-52.73,torbay,37.99,53.0,1.01,57.0,1604076813.0
672,-25.24,130.99,yulara,60.8,29.0,4.7,71.0,1604076891.0
673,46.88,26.43,dumbrava rosie,46.0,38.0,4.38,99.0,1604077105.0
675,47.33,-0.25,saumur,60.8,77.0,3.36,90.0,1604077105.0
677,43.74,135.29,olga,35.35,85.0,3.6,48.0,1604076942.0
678,27.18,68.64,bozdar,73.4,73.0,6.53,0.0,1604077106.0
683,52.54,31.93,novozybkov,48.2,100.0,6.71,75.0,1604077106.0
687,50.93,84.76,ust-kan,19.8,91.0,4.23,63.0,1604076892.0
688,41.6,-93.72,clive,44.01,60.0,8.05,1.0,1604076819.0
690,28.89,64.41,dalbandin,55.89,31.0,0.78,0.0,1604077106.0
693,46.62,10.7,lasa,51.01,51.0,3.36,0.0,1604077397.0
694,47.57,-59.14,channel-port aux basques,35.71,77.0,19.82,29.0,1604077106.0
697,14.22,121.75,cagsiay,80.4,83.0,17.54,71.0,1604077106.0
700,-38.27,141.97,codrington,50.38,89.0,9.06,0.0,1604077398.0
701,46.81,-100.78,bismarck,35.6,100.0,14.99,90.0,1604076841.0
702,-2.54,36.79,namanga,69.28,68.0,10.89,89.0,1604076893.0
703,47.36,-68.33,madawaska,30.99,63.0,13.87,1.0,1604076893.0
705,8.13,-5.1,katiola,89.6,49.0,6.93,20.0,1604077107.0
708,31.46,-100.44,san angelo,60.01,51.0,1.01,33.0,1604077054.0
711,44.36,77.98,saryozek,35.76,76.0,1.72,0.0,1604076893.0
714,-4.85,38.37,soni,63.55,94.0,2.86,72.0,1604077107.0
715,-0.91,122.88,biak,78.39,76.0,3.69,79.0,1604076894.0
716,-34.58,150.86,flinders,63.0,91.0,3.0,100.0,1604077065.0
719,40.04,-111.73,payson,42.8,52.0,3.36,1.0,1604077108.0
720,-34.0,24.73,kruisfontein,57.99,66.0,1.99,24.0,1604076822.0
722,59.38,143.3,okhotsk,21.22,89.0,15.1,100.0,1604077399.0
723,42.78,-9.06,muros,63.0,79.0,1.99,92.0,1604076894.0
724,27.18,31.18,asyut,82.4,54.0,18.34,0.0,1604076894.0
725,59.78,30.82,otradnoye,48.0,87.0,4.47,40.0,1604076894.0
726,4.31,-72.08,puerto gaitan,92.1,52.0,10.49,27.0,1604076895.0
732,29.46,-95.05,dickinson,60.01,67.0,9.17,40.0,1604076617.0
734,48.83,58.14,emba,44.91,53.0,11.45,92.0,1604076895.0
735,42.16,-72.33,palmer,34.0,96.0,10.29,90.0,1604076846.0
737,-9.09,-78.58,chimbote,66.85,73.0,7.9,98.0,1604076835.0
738,-12.9,45.08,boueni,80.6,74.0,4.7,20.0,1604076895.0
742,23.57,70.63,rapar,80.6,30.0,4.32,1.0,1604076611.0
745,-45.87,-67.5,comodoro rivadavia,71.6,35.0,9.17,0.0,1604077401.0
748,41.05,39.23,besikduzu,66.2,88.0,4.7,0.0,1604076896.0
749,-29.24,-51.87,encantado,73.0,55.0,1.99,5.0,1604076896.0
750,2.02,112.93,kapit,74.16,94.0,0.87,83.0,1604076896.0
757,52.42,136.49,imeni poliny osipenko,29.23,97.0,4.94,89.0,1604077110.0
761,33.89,35.49,beirut,78.8,69.0,11.41,40.0,1604076782.0
766,-4.35,152.26,kokopo,77.45,85.0,4.38,64.0,1604076897.0
768,41.67,-2.67,soria,53.74,43.0,3.76,0.0,1604076897.0
769,13.35,-15.75,nioro,96.8,24.0,3.31,92.0,1604076897.0
770,4.87,-2.24,axim,81.77,75.0,6.11,42.0,1604076897.0
771,24.69,46.72,riyadh,75.2,29.0,3.36,0.0,1604077077.0
773,14.32,2.09,ouallam,94.3,13.0,3.94,6.0,1604076897.0
778,49.19,35.24,zachepylivka,51.91,70.0,4.27,94.0,1604076898.0
779,40.77,-72.85,mastic beach,37.99,97.0,5.99,100.0,1604076898.0
783,31.75,54.21,taft,64.4,17.0,6.93,0.0,1604076898.0
784,-20.32,118.57,port hedland,78.8,50.0,12.75,64.0,1604076898.0
786,20.52,-13.05,atar,95.34,11.0,8.79,87.0,1604076898.0
788,-9.45,124.48,kefamenanu,73.27,83.0,2.17,82.0,1604076898.0
789,43.21,-75.46,roma,39.99,64.0,4.7,20.0,1604076641.0
791,43.32,145.57,nemuro,49.23,71.0,23.24,63.0,1604076898.0
794,-21.37,55.62,saint-joseph,68.0,64.0,11.41,75.0,1604076899.0
799,46.84,74.98,balkhash,39.78,71.0,3.71,0.0,1604076810.0
801,46.49,135.88,vostok,25.0,99.0,3.98,92.0,1604076899.0
805,18.09,-15.98,nouakchott,86.0,45.0,18.34,21.0,1604076899.0
806,-0.95,-80.73,manta,77.0,69.0,8.05,40.0,1604076783.0
810,39.17,25.93,eresos,66.2,72.0,5.82,40.0,1604076899.0
813,42.42,-122.83,jackson,42.8,56.0,3.36,1.0,1604076899.0
814,62.1,126.7,berdigestyakh,-4.88,90.0,3.27,92.0,1604076900.0
817,52.71,41.95,platonovka,42.66,87.0,8.1,100.0,1604076900.0
820,-8.19,114.97,banjar,78.51,77.0,3.87,70.0,1604076900.0
822,61.28,108.01,yerbogachen,12.52,94.0,6.64,100.0,1604076900.0
827,67.67,12.69,sorland,37.4,55.0,13.87,0.0,1604076900.0
829,48.83,-72.53,normandin,29.84,86.0,5.79,0.0,1604076901.0
833,4.41,114.01,miri,77.0,94.0,4.21,40.0,1604076824.0
834,29.4,79.12,ramnagar,68.05,52.0,4.7,0.0,1604076901.0
839,21.27,81.52,kumhari,71.17,51.0,1.48,0.0,1604076901.0
841,12.18,18.69,mongo,90.46,25.0,1.83,14.0,1604076902.0
845,53.07,105.51,bayanday,23.63,93.0,1.61,36.0,1604076902.0
846,40.6,-124.16,fortuna,46.4,87.0,5.82,1.0,1604076810.0
847,20.02,95.55,taungdwingyi,74.1,94.0,1.57,92.0,1604076902.0
849,52.47,96.11,toora-khem,22.6,91.0,2.37,100.0,1604076903.0
850,61.67,96.37,baykit,5.11,90.0,3.83,41.0,1604076903.0
854,43.67,-7.41,cervo,69.01,69.0,1.99,0.0,1604076903.0
855,18.73,-103.68,coahuayana,77.0,83.0,2.35,75.0,1604077406.0
858,18.04,-71.74,pedernales,78.8,94.0,9.17,75.0,1604076903.0
862,35.92,-94.97,tahlequah,53.6,66.0,2.93,1.0,1604076903.0
865,17.02,54.09,salalah,80.6,61.0,3.36,0.0,1604077406.0
868,-5.13,-49.33,itupiranga,77.0,100.0,2.24,90.0,1604076904.0
873,51.32,42.77,kamenka,44.94,88.0,11.56,100.0,1604076904.0
875,37.15,122.38,yatou,51.89,67.0,3.91,0.0,1604076904.0
876,43.3,77.24,talgar,35.6,59.0,4.47,0.0,1604076905.0
879,16.58,82.02,amalapuram,84.2,48.0,3.36,20.0,1604076905.0
886,51.38,1.39,margate,60.01,83.0,4.0,94.0,1604076708.0
888,-6.22,155.63,kieta,76.55,83.0,2.06,100.0,1604076905.0
889,32.67,-17.1,ponta do sol,71.6,73.0,17.22,20.0,1604077305.0
896,42.87,-112.45,pocatello,35.6,64.0,9.13,1.0,1604076905.0
898,46.19,-123.83,astoria,57.0,81.0,9.17,90.0,1604076906.0
900,47.7,10.03,isny,51.01,60.0,2.95,49.0,1604076906.0
901,11.03,-63.86,la asuncion,95.0,59.0,14.99,89.0,1604076906.0
902,51.23,-58.65,saint-augustin,33.66,72.0,15.75,0.0,1604077065.0
908,61.15,41.34,ust-shonosha,42.78,90.0,8.77,100.0,1604076906.0
911,14.9,-24.5,sao filipe,84.29,54.0,13.31,52.0,1604077408.0
916,29.11,58.36,bam,59.0,30.0,5.37,0.0,1604077116.0
918,62.58,6.13,roald,53.6,66.0,11.41,75.0,1604076907.0
919,-4.05,19.53,mangai,73.09,95.0,0.89,57.0,1604076907.0
920,46.38,-75.97,maniwaki,33.53,73.0,5.93,3.0,1604076907.0
924,-28.64,-53.61,cruz alta,71.51,54.0,12.82,41.0,1604076862.0
926,61.58,-149.44,wasilla,17.6,85.0,2.66,1.0,1604076907.0
930,40.81,114.88,zhangjiakou,46.8,56.0,2.04,93.0,1604076907.0
931,25.76,-80.37,sweetwater,89.01,66.0,6.93,75.0,1604076908.0
938,49.21,-84.77,hornepayne,27.28,80.0,6.17,0.0,1604076908.0
940,52.65,42.72,kirsanov,42.58,89.0,8.99,100.0,1604076908.0
942,40.91,69.8,nurobod,46.4,39.0,4.7,0.0,1604076908.0
943,68.22,-135.01,aklavik,4.21,91.0,10.87,80.0,1604077410.0
944,-7.51,-63.02,humaita,98.35,37.0,4.81,73.0,1604076908.0
946,33.9,-84.28,doraville,59.0,58.0,17.22,1.0,1604076714.0
947,48.88,-72.45,albanel,29.62,87.0,5.93,1.0,1604076909.0
949,52.72,56.62,mrakovo,37.44,74.0,5.17,97.0,1604076909.0
950,47.6,-53.26,bay roberts,37.0,56.0,5.99,55.0,1604077118.0
953,5.79,0.9,anloga,86.0,70.0,9.17,40.0,1604076909.0
958,15.85,-97.07,puerto escondido,85.53,59.0,4.47,51.0,1604076909.0
961,41.14,-73.36,westport,37.99,86.0,14.99,90.0,1604076909.0
962,32.35,-85.2,russell,62.6,55.0,13.87,40.0,1604076909.0
963,-1.35,34.37,tarime,73.4,78.0,5.82,20.0,1604076910.0
964,-17.88,15.07,ongandjera,80.53,39.0,6.13,68.0,1604076910.0
966,-7.44,37.7,kisanga,81.03,55.0,10.07,48.0,1604076910.0
974,65.61,72.68,staryy nadym,27.66,98.0,9.15,96.0,1604076910.0
976,28.42,-106.87,cuauhtemoc,57.99,37.0,3.0,50.0,1604076910.0
982,64.25,12.38,snasa,41.0,75.0,24.16,0.0,1604076910.0
983,49.7,-112.82,lethbridge,53.46,43.0,21.18,80.0,1604076672.0
984,10.55,119.99,araceli,82.74,78.0,9.17,100.0,1604076910.0
986,-10.62,150.67,samarai,79.77,82.0,8.46,95.0,1604076911.0
991,-5.47,143.2,porgera,37.04,100.0,1.21,92.0,1604076911.0
992,-0.22,20.87,boende,73.47,94.0,2.3,35.0,1604076911.0
1008,-12.58,13.41,benguela,78.8,83.0,4.7,75.0,1604076911.0
1015,-17.83,-149.27,teahupoo,78.8,78.0,4.7,75.0,1604076911.0
1016,13.58,-2.42,ouahigouya,95.11,14.0,6.31,19.0,1604076911.0
1017,-32.25,148.62,dubbo,51.8,93.0,4.7,75.0,1604076912.0
1025,18.9,-3.53,araouane,94.17,10.0,6.2,35.0,1604076912.0
1029,-20.4,164.57,pouebo,74.37,83.0,10.49,65.0,1604076912.0
1031,4.64,103.44,paka,80.6,94.0,2.24,29.0,1604076912.0
1032,34.69,135.8,nara,50.0,72.0,2.84,1.0,1604076912.0
1034,-6.13,12.37,soyo,78.35,83.0,9.51,85.0,1604076912.0
1035,54.58,16.86,ustka,49.06,85.0,4.61,100.0,1604076669.0
1036,-41.45,147.17,launceston,53.01,100.0,0.94,90.0,1604076913.0
1037,-26.65,15.16,luderitz,66.25,45.0,32.35,66.0,1604076866.0
1044,35.91,116.31,zhoucheng,63.0,1.0,5.14,13.0,1604076913.0
1053,-45.42,167.72,te anau,53.44,92.0,1.45,100.0,1604076973.0
1056,-42.77,-65.04,puerto madryn,67.96,25.0,12.71,12.0,1604076647.0
1060,22.82,108.32,nanning,68.0,94.0,2.24,75.0,1604076913.0
1064,7.22,2.34,cove,83.39,73.0,3.74,88.0,1604076914.0
1066,42.78,-96.93,vermillion,41.0,74.0,3.56,1.0,1604076914.0
1073,37.38,55.49,kalaleh,66.2,34.0,4.43,0.0,1604076639.0
1077,47.91,106.88,ulaanbaatar,26.6,79.0,15.66,75.0,1604077049.0
1080,12.65,0.49,gayeri,93.45,18.0,7.72,30.0,1604076914.0
1084,66.83,70.83,yar-sale,32.22,98.0,10.63,92.0,1604076871.0
1087,-22.12,14.28,henties bay,60.01,80.0,9.42,1.0,1604076914.0
1088,56.22,32.78,nelidovo,44.01,94.0,2.59,100.0,1604076914.0
1090,5.35,48.53,hobyo,81.73,76.0,11.95,3.0,1604076915.0
1092,44.76,-85.62,traverse city,33.8,74.0,5.82,90.0,1604076915.0
1100,73.51,80.55,dikson,11.98,95.0,28.25,100.0,1604077415.0
1101,24.7,-77.77,andros town,84.2,70.0,6.93,40.0,1604076915.0
1106,36.3,139.8,oyama,57.0,75.0,3.83,20.0,1604076915.0
1109,-34.48,-54.33,rocha,60.55,58.0,10.45,1.0,1604076915.0
1113,20.5,-10.07,adrar,93.29,11.0,6.55,62.0,1604076915.0
1115,59.12,18.1,vasterhaninge,45.0,70.0,3.98,0.0,1604076916.0
1117,-18.27,-66.85,huanuni,64.4,31.0,6.93,20.0,1604076916.0
1120,11.82,124.84,silanga,78.13,86.0,6.8,100.0,1604076916.0
1121,-15.77,128.73,kununurra,84.2,74.0,3.36,53.0,1604076916.0
1126,58.0,102.66,ust-ilimsk,19.96,90.0,1.05,46.0,1604076916.0
1127,-2.89,-40.12,acarau,87.49,53.0,18.92,27.0,1604076917.0
1130,-7.84,-79.15,chicama,60.8,87.0,6.93,90.0,1604076917.0
1134,45.43,4.4,saint-etienne,59.0,67.0,2.24,0.0,1604076917.0
1135,18.74,75.31,jamkhed,73.29,63.0,5.84,7.0,1604076917.0
1139,36.37,6.61,constantine,68.0,40.0,6.93,0.0,1604076688.0
1143,13.52,35.77,doka,85.01,33.0,7.76,51.0,1604076917.0
1148,54.77,-101.86,flin flon,21.2,93.0,6.49,89.0,1604076918.0
1149,28.14,69.08,ghauspur,73.4,73.0,4.85,0.0,1604076918.0
1152,63.75,-20.22,hvolsvollur,42.8,87.0,26.4,75.0,1604076918.0
1155,-43.3,-65.1,rawson,70.74,22.0,9.22,1.0,1604077417.0
1156,-33.01,17.94,saldanha,64.4,48.0,21.92,0.0,1604077417.0
1157,57.14,-2.1,aberdeen,46.99,75.0,5.82,71.0,1604076677.0
1158,55.68,69.21,novoseleznevo,31.01,98.0,6.55,5.0,1604076918.0
1164,-20.23,164.02,poum,77.36,80.0,18.1,44.0,1604076919.0
1166,-10.15,-67.74,senador guiomard,73.4,100.0,5.82,75.0,1604076726.0
1167,27.72,109.19,tongren,57.69,85.0,1.97,100.0,1604076919.0
1168,-0.87,134.08,manokwari,80.15,70.0,5.3,79.0,1604076919.0
1169,68.05,39.51,ostrovnoy,34.41,89.0,20.31,69.0,1604077146.0
1177,25.52,90.22,tura,72.95,79.0,4.41,13.0,1604076849.0
1178,35.52,137.82,iida,41.0,79.0,1.99,1.0,1604076919.0
1180,-8.36,-42.25,sao joao do piaui,95.67,33.0,5.82,62.0,1604076788.0
1195,29.96,122.3,shenjiamen,62.04,68.0,10.25,0.0,1604076920.0
1197,1.74,98.78,sibolga,78.01,79.0,3.22,89.0,1604076930.0
1203,-26.66,28.59,balfour,75.99,36.0,5.99,52.0,1604076920.0
1208,41.0,-115.5,elko,50.0,42.0,5.82,1.0,1604076920.0
1211,16.07,108.22,turan,80.6,88.0,4.7,40.0,1604076920.0
1214,13.6,26.69,umm kaddadah,91.56,16.0,7.72,0.0,1604076921.0
1223,54.67,20.13,svetlyy,51.01,87.0,11.18,75.0,1604076921.0
1226,12.16,-61.73,gouyave,81.34,82.0,16.2,55.0,1604076921.0
1232,44.03,145.86,yuzhno-kurilsk,47.88,76.0,25.46,99.0,1604076921.0
1233,46.26,18.5,hidas,55.4,87.0,2.24,90.0,1604076921.0
1237,8.57,81.23,trincomalee,81.66,80.0,10.6,77.0,1604076922.0
1238,50.28,113.29,aksha,30.02,97.0,8.75,100.0,1604076922.0
1240,49.97,31.05,rzhyshchiv,50.0,93.0,2.24,90.0,1604076922.0
1242,50.05,10.23,schweinfurt,55.99,93.0,5.01,95.0,1604076922.0
1244,-17.71,-39.25,caravelas,83.05,61.0,12.75,32.0,1604076922.0
1245,62.63,17.94,harnosand,39.2,80.0,4.7,98.0,1604076646.0
1247,26.12,127.67,itoman,73.4,56.0,10.29,20.0,1604076922.0
1248,49.69,83.29,serebryansk,37.4,96.0,4.47,90.0,1604076922.0
1261,39.97,-0.25,onda,66.2,77.0,4.7,20.0,1604076923.0
1263,39.47,141.95,yamada,44.78,74.0,5.64,0.0,1604076923.0
1265,50.7,-127.42,port hardy,48.02,76.0,12.01,68.0,1604077376.0
1268,48.65,-53.11,bonavista,37.0,61.0,5.99,60.0,1604076796.0
1272,-3.48,23.43,lodja,71.85,95.0,0.78,40.0,1604076907.0
1280,-40.81,-63.0,viedma,79.0,19.0,10.0,0.0,1604077079.0
1284,-8.14,159.59,buala,78.15,80.0,1.83,100.0,1604076923.0
1285,33.19,-82.53,avera,68.0,52.0,11.41,1.0,1604076924.0
1287,71.04,27.85,mehamn,32.0,93.0,17.22,90.0,1604076924.0
1288,58.3,-134.42,juneau,37.4,86.0,9.17,90.0,1604076887.0
1289,8.0,124.29,marawi,73.99,95.0,5.01,94.0,1604076924.0
1298,-34.65,-59.43,mercedes,69.01,32.0,4.0,54.0,1604076924.0
1301,8.41,20.65,ndele,77.27,74.0,2.95,94.0,1604076823.0
1303,58.74,29.85,louga,46.78,94.0,4.52,100.0,1604076731.0
1307,69.42,30.81,zapolyarnyy,30.2,86.0,18.34,75.0,1604076924.0
1308,37.72,-25.43,vila franca do campo,69.8,88.0,12.75,75.0,1604077422.0
1315,23.17,-97.95,nuevo progreso,71.01,34.0,11.99,0.0,1604076925.0
1317,6.51,18.27,bouca,74.88,87.0,3.49,28.0,1604076925.0
1319,9.86,-66.38,altagracia de orituco,85.15,68.0,4.97,68.0,1604076925.0
1322,18.5,102.42,phonhong,72.46,89.0,2.13,52.0,1604076925.0
1324,36.07,49.7,takestan,59.0,38.0,4.7,0.0,1604076925.0
1327,-9.17,-60.63,aripuana,85.64,72.0,3.11,93.0,1604076925.0
1330,63.9,122.76,kysyl-syr,-10.35,89.0,2.01,49.0,1604076925.0
1333,-14.41,-56.45,diamantino,79.25,72.0,7.2,100.0,1604076925.0
1335,22.28,113.57,zhuhai,75.99,78.0,10.29,40.0,1604076926.0
1336,41.96,42.96,khani,57.2,87.0,2.24,0.0,1604076926.0
1340,20.89,-156.47,kahului,71.6,94.0,10.29,90.0,1604077424.0
1344,13.59,-89.83,acajutla,86.0,55.0,3.36,0.0,1604076926.0
1348,1.75,40.06,wajir,85.26,52.0,10.74,80.0,1604076926.0
1352,-4.97,39.83,micheweni,78.15,82.0,11.34,100.0,1604076926.0
1356,46.41,-105.84,miles city,41.0,75.0,16.11,1.0,1604076927.0
1360,-26.31,-59.37,el colorado,77.22,38.0,9.6,12.0,1604076927.0
1362,39.05,-27.98,lagoa,69.21,89.0,31.18,100.0,1604077424.0
1363,35.73,140.83,hasaki,44.6,81.0,5.82,0.0,1604076840.0
1366,10.67,-61.53,mucurapo,84.99,79.0,16.11,40.0,1604077271.0
1367,49.22,143.12,poronaysk,33.53,91.0,4.74,0.0,1604076928.0
1375,-14.25,129.55,port keats,82.42,78.0,9.86,1.0,1604076928.0
1390,12.77,120.78,batasan,81.61,71.0,2.15,100.0,1604076928.0
1392,12.25,109.18,nha trang,82.4,83.0,8.05,40.0,1604076928.0
1397,-16.23,39.91,angoche,79.84,74.0,9.98,0.0,1604076928.0
1399,-6.98,-34.83,cabedelo,86.0,62.0,13.87,40.0,1604076929.0
